Frequency (Hz),Output level (dBm),"Trace 1: Gain: Real ","Trace 1: Gain: Imaginary ",Trace 1: Gain: Magnitude (dB),"Trace 2: Gain: Real ","Trace 2: Gain: Imaginary ",Trace 2: Gain: Phase (deg)
10,7.5835087719298278,-167.60573091308811,250.36406303075151,49.579607321287412,-167.60573091308811,250.36406303075151,123.80025269943533
10.480836,7.5835087719298278,-166.05567263035167,237.43254459117423,49.240139733518042,-166.05567263035167,237.43254459117423,124.96818819595423
10.984791,7.5835087719298278,-147.75966562276633,238.47826750469082,48.960012354168008,-147.75966562276633,238.47826750469082,121.78210015299665
11.512979,7.5835087719298278,-133.20792604016808,242.79639105720616,48.847638754401785,-133.20792604016808,242.79639105720616,118.75095492391449
12.066564,7.5835087719298278,-120.48067086391828,232.93334797590458,48.374213583329578,-120.48067086391828,232.93334797590458,117.34946916461023
12.646767000000001,7.5835087719298278,-122.31047549603021,232.33421196013484,48.384652217316656,-122.31047549603021,232.33421196013484,117.76420075622723
13.254868999999999,7.5835087719298278,-109.72248221861065,214.63866441268206,47.642417527304474,-109.72248221861065,214.63866441268206,117.07594821692136
13.89221,7.5835087719298278,-95.21015812025702,214.00092431235143,47.39266647162551,-95.21015812025702,214.00092431235143,113.98453764016209
14.560197000000001,7.5835087719298278,-87.127263339391774,201.89688584690734,46.844280279065543,-87.127263339391774,201.89688584690734,113.34229276856132
15.260303,7.5835087719298278,-79.484232767448432,199.25352446137799,46.629438801081719,-79.484232767448432,199.25352446137799,111.74755329646359
15.994073,7.5835087719298278,-78.129965190517765,196.25883263570037,46.495472882290983,-78.129965190517765,196.25883263570037,111.70733113508524
16.763124000000001,7.5835087719298278,-67.115748789559021,186.94445016881795,45.960772935426121,-67.115748789559021,186.94445016881795,109.74886865159908
17.569154999999999,7.5835087719298278,-66.428821056873858,181.70287966806421,45.732050302958875,-66.428821056873858,181.70287966806421,110.08192499328867
18.413941999999999,7.5835087719298278,-56.593314437720203,173.55014289378414,45.227369945426766,-56.593314437720203,173.55014289378414,108.06073350250399
19.29935,7.5835087719298278,-52.87413793150747,170.26391084029135,45.022286894404942,-52.87413793150747,170.26391084029135,107.25177654174867
20.227332000000001,7.5835087719298278,-45.197983049945861,165.50003233764133,44.688362771028821,-45.197983049945861,165.50003233764133,105.27496963539593
21.199933999999999,7.5835087719298278,-42.63708352606718,154.02607868236385,44.07254115114381,-42.63708352606718,154.02607868236385,105.4730092039983
22.219301999999999,7.5835087719298278,-38.204439407541315,151.30218576174488,43.865333975264633,-38.204439407541315,151.30218576174488,104.17120450598991
23.287685,7.5835087719298278,-34.403846041274349,142.63098722130331,43.329880124730892,-34.403846041274349,142.63098722130331,103.56120114982831
24.407439,7.5835087719298278,-30.417531757768014,136.59508765318816,42.918890750827394,-30.417531757768014,136.59508765318816,102.55401458817592
25.581036000000001,7.5835087719298278,-28.197782509891056,131.26784647871614,42.559080992151038,-28.197782509891056,131.26784647871614,102.1235314605975
26.811063000000001,7.5835087719298278,-24.537905082123768,126.1404547443672,42.178397385287255,-24.537905082123768,126.1404547443672,101.00817769079424
28.100234,7.5835087719298278,-24.111929640211454,120.77432861093858,41.809232692983912,-24.111929640211454,120.77432861093858,101.29034552702673
29.451392999999999,7.5835087719298278,-21.883763767969683,116.42519642140645,41.471729767976527,-21.883763767969683,116.42519642140645,100.64534408905985
30.867521,7.5835087719298278,-18.595654649687482,109.77020751608859,40.932569312714023,-18.595654649687482,109.77020751608859,99.614925193832775
32.351740999999997,7.5835087719298278,-16.790722012896033,103.50677621058691,40.412181848219106,-16.790722012896033,103.50677621058691,99.214176059210345
33.907328,7.5835087719298278,-16.50687069591838,99.318303263000971,40.058924009783354,-16.50687069591838,99.318303263000971,99.436399561772788
35.537711999999999,7.5835087719298278,-13.538400120908738,94.956129587330352,39.637856947674635,-13.538400120908738,94.956129587330352,98.11427715432869
37.246492000000003,7.5835087719298278,-11.911971828751209,89.915418035710658,39.152244711393493,-11.911971828751209,89.915418035710658,97.546585377876269
39.037436,7.5835087719298278,-10.489939636670901,86.741822652013894,38.827625452517978,-10.489939636670901,86.741822652013894,96.895459700925556
40.914493999999998,7.5835087719298278,-9.626791727673087,83.133976777546039,38.453419962051278,-9.626791727673087,83.133976777546039,96.605347128213793
42.881808999999997,7.5835087719298278,-9.1478679337967801,79.213241363615708,38.033492862725375,-9.1478679337967801,79.213241363615708,96.587568354726145
44.943717999999997,7.5835087719298278,-7.1212256163447849,74.439176699843358,37.475596201473188,-7.1212256163447849,74.439176699843358,95.464572385911183
47.104771999999997,7.5835087719298278,-6.7602135561437562,71.77294365888244,37.157573905639303,-6.7602135561437562,71.77294365888244,95.380751211965574
49.369737000000001,7.5835087719298278,-7.3403086189419495,69.5593650493403,36.895206611734423,-7.3403086189419495,69.5593650493403,96.023889715605662
51.743608999999999,7.5835087719298278,-6.8116042515734945,65.000225373114361,36.305730140601412,-6.8116042515734945,65.000225373114361,95.982392872987134
54.231625999999999,7.5835087719298278,-5.4572255588214942,63.705455394658443,36.115285600283741,-5.4572255588214942,63.705455394658443,94.896197857185996
56.839275000000001,7.5835087719298278,-4.1677381028518852,59.020802538652568,35.441704231871761,-4.1677381028518852,59.020802538652568,94.039221191497433
59.572308999999997,7.5835087719298278,-2.6252845706927546,56.719830150644377,35.083992428857357,-2.6252845706927546,56.719830150644377,92.650051127245007
62.436757999999998,7.5835087719298278,-2.8964678618960877,53.44910099892558,34.571543246136244,-2.8964678618960877,53.44910099892558,93.101889721449965
65.438939000000005,7.5835087719298278,-3.4984833207129529,52.663774753160432,34.449363018089521,-3.4984833207129529,52.663774753160432,93.800605777606336
68.585476,7.5835087719298278,-3.4716880140153847,49.214189769766428,33.863364702016682,-3.4716880140153847,49.214189769766428,94.035098568888841
71.883308999999997,7.5835087719298278,-3.3479042859661923,46.932087074389855,33.451441232348316,-3.3479042859661923,46.932087074389855,94.080287392892771
75.339714000000001,7.5835087719298278,-2.0838051449841171,45.42707686398672,33.155424608982983,-2.0838051449841171,45.42707686398672,92.626398438555526
78.962315000000004,7.5835087719298278,-2.1920862818041367,42.391275953246023,32.557127335283965,-2.1920862818041367,42.391275953246023,92.960173277080287
82.759103999999994,7.5835087719298278,-1.6239904308300521,40.585485940547422,32.174363044841819,-1.6239904308300521,40.585485940547422,92.291414843188917
86.738455999999999,7.5835087719298278,-1.418741421777846,38.953722478519488,31.81673643312617,-1.418741421777846,38.953722478519488,92.085859224535909
90.909148999999999,7.5835087719298278,-1.5633251089415052,37.326496990900637,31.447956142658363,-1.5633251089415052,37.326496990900637,92.398285912986751
95.280383999999998,7.5835087719298278,-1.0249302181191662,35.499315882537559,31.00801836954907,-1.0249302181191662,35.499315882537559,91.653774596506864
99.861804000000006,7.5835087719298278,-1.2916044911152063,33.932972626813623,30.618725739225763,-1.2916044911152063,33.932972626813623,92.179820161265567
104.66351400000001,7.5835087719298278,-0.83309063124393445,32.228563535824904,30.167719939561341,-0.83309063124393445,32.228563535824904,91.480734621886882
109.696108,7.5835087719298278,-0.7172104803860796,30.913317896120127,29.805249457198212,-0.7172104803860796,30.913317896120127,91.329063511359251
114.970686,7.5835087719298278,-0.64669563258385576,29.456900453702964,29.38583363458357,-0.64669563258385576,29.456900453702964,91.257667257848524
120.498886,7.5835087719298278,-0.52587698203669775,28.201704415683135,29.007016952421701,-0.52587698203669775,28.201704415683135,91.068270189120611
126.2929,7.5835087719298278,-0.54897620457103302,26.868808771804222,28.586780856429709,-0.54897620457103302,26.868808771804222,91.17048895071315
132.365512,7.5835087719298278,-0.29917648196321994,25.544346910394939,28.146491761316582,-0.29917648196321994,25.544346910394939,90.671019936066131
138.73011600000001,7.5835087719298278,-0.15626678875599154,24.487987142029311,27.779238620088059,-0.15626678875599154,24.487987142029311,90.365620330145148
145.40075300000001,7.5835087719298278,-0.10831294326842403,23.302952899801827,27.348312972382484,-0.10831294326842403,23.302952899801827,90.266310877086582
152.39213799999999,7.5835087719298278,-0.24865159799289868,22.135157593437143,26.902200358521881,-0.24865159799289868,22.135157593437143,90.643595504881304
159.71969300000001,7.5835087719298278,-0.19753392652296753,21.154702769554788,26.508517201978393,-0.19753392652296753,21.154702769554788,90.534988910219852
167.399584,7.5835087719298278,0.0040597977189654041,20.253402952982952,26.129960241109057,0.0040597977189654041,20.253402952982952,89.988515052389118
175.44875099999999,7.5835087719298278,-0.074637686037057893,19.291834467669059,25.707535542141091,-0.074637686037057893,19.291834467669059,90.22166907315777
183.88495,7.5835087719298278,0.022089709297134517,18.347732566477241,25.27165432107742,0.022089709297134517,18.347732566477241,89.931018914882458
192.72679199999999,7.5412107462074971,0.15511800066424897,17.514355186524536,24.868223702840492,0.15511800066424897,17.514355186524536,89.492566280610205
201.99378100000001,6.7516475956717983,0.28193429448846458,16.814468418897391,24.514883660517629,0.28193429448846458,16.814468418897391,89.039390886993601
211.70635999999999,5.9620844261317814,0.2549714427960415,15.996028574572112,24.081346710757202,0.2549714427960415,15.996028574572112,89.086801423517059
221.885954,5.1725212810480912,0.25135480878281796,15.171550152982411,23.621791040054404,0.25135480878281796,15.171550152982411,89.050838436662616
232.55501899999999,4.3829581394711852,0.34937279797243992,14.428780757235623,23.187138205324651,0.34937279797243992,14.428780757235623,88.612933662377799
243.73709099999999,3.5933949669226308,0.32645798563960604,13.79365016456639,22.796016117530968,0.32645798563960604,13.79365016456639,88.644218657960508
255.45683700000001,2.8038317793545531,0.36861376464603951,13.159375976241334,22.388112234579197,0.36861376464603951,13.159375976241334,88.395479259300743
267.74010900000002,2.0142686583476888,0.39862035988953154,12.514199650919643,21.952465887977525,0.39862035988953154,12.514199650919643,88.175548974163121
280.61400500000002,1.2247054979699499,0.43294663003122119,11.949592617896355,21.552759200179942,0.43294663003122119,11.949592617896355,87.925019724290379
294.10692399999999,0.43514231895856881,0.35667809174619647,11.389409490529843,21.134281332611913,0.35667809174619647,11.389409490529843,88.206274658008539
308.24862999999999,-0.35442083193240137,0.4465346484856404,10.799650129995689,20.675612020949696,0.4465346484856404,10.799650129995689,87.632331998689523
323.07031899999998,-1.1439839580361735,0.41499447708270504,10.339362106519889,20.296865790493488,0.41499447708270504,10.339362106519889,87.701533652363167
338.60468800000001,-1.9335471113323024,0.39984657802124857,9.8796400033831304,19.90193016963601,0.39984657802124857,9.8796400033831304,87.682402869407269
354.88600500000001,-2.7231102805250202,0.43453922290752423,9.421265743757683,19.491414241659513,0.43453922290752423,9.421265743757683,87.359205058230629
371.95018599999997,-3.5126734680342651,0.43611199263171113,8.9258760812222278,19.023372318911505,0.43611199263171113,8.9258760812222278,87.20279317853776
389.83487200000002,-4.3022365909335605,0.44467471388550867,8.506955686512546,18.607333679148489,0.44467471388550867,8.506955686512546,87.007764195080185
408.57951800000001,-5.0917997457639643,0.41829668509502516,8.1107499485302341,18.192756221664276,0.41829668509502516,8.1107499485302341,87.047693502376859
428.22547400000002,-5.8813629322997798,0.43266830110808929,7.7324932322965116,17.779967113833596,0.43266830110808929,7.7324932322965116,86.797379127290711
448.81607600000001,-6.6709260656790974,0.44303608943042017,7.3080362228514728,17.291945606208909,0.44303608943042017,7.3080362228514728,86.530795852640907
470.396748,-7.4604892244577883,0.38476251171745118,6.9738292116597629,16.882625937500585,0.38476251171745118,6.9738292116597629,86.842059129216381
493.01509600000003,-8.2500524034857392,0.40804828765138146,6.6862022298391608,16.51973526749515,0.40804828765138146,6.6862022298391608,86.507661107767959
516.72101299999997,-9.0396155309539523,0.42374140628987012,6.3385919817454672,16.059221579756311,0.42374140628987012,6.3385919817454672,86.175408761578041
541.56679599999995,-9.8291786990113508,0.36516996004601265,6.0347265421097553,15.62902513463175,0.36516996004601265,6.0347265421097553,86.537172605404038
567.60725200000002,-10.618741850438425,0.40408368677405881,5.7212595347278166,15.171443377933562,0.40408368677405881,5.7212595347278166,85.959996738354093
594.89982599999996,-11.408305011508247,0.3792030208025241,5.4829055402303011,14.800939095432451,0.3792030208025241,5.4829055402303011,86.043668779373803
623.50472400000001,-12.197868173710049,0.36275388689131355,5.2171818169147635,14.369664847892786,0.36275388689131355,5.2171818169147635,86.022590284284007
653.48504700000001,-12.987431331742286,0.33496957504349711,4.9684150428767531,13.944053183698852,0.33496957504349711,4.9684150428767531,86.142966590294066
684.90692999999999,-13.776994478071828,0.34233919404224245,4.7428765446666947,13.543403988586988,0.34233919404224245,4.7428765446666947,85.871570024683678
717.83969000000002,-14.566557652933071,0.3434348199831494,4.5269507284649233,13.141039174698491,0.3434348199831494,4.5269507284649233,85.661595139884909
752.35597299999995,-15.356120801539475,0.36564903817163474,4.2992776216789901,12.699210659653774,0.36564903817163474,4.2992776216789901,85.13875270534092
788.53192200000001,-16.145683960090238,0.3308079395142649,4.116880966988135,12.31931745453371,0.3308079395142649,4.116880966988135,85.40592439265437
826.44733900000006,-16.935247114682284,0.29962675028826158,3.9430617767226446,11.941676660971041,0.29962675028826158,3.9430617767226446,85.654539425131404
866.18586400000004,-17.724810269495109,0.32561127802691509,3.729313451940194,11.465559624331348,0.32561127802691509,3.729313451940194,85.010084039114204
907.83515899999998,-18.514373433557253,0.3273235468298264,3.5986973562268929,11.158687940156238,0.3273235468298264,3.5986973562268929,84.802898649385824
951.48709899999994,-19.30393657753865,0.31807712022661006,3.3788560900671638,10.613710989950542,0.31807712022661006,3.3788560900671638,84.622166146603533
997.23798099999999,-20.093499748977152,0.33625456901671902,3.2597135179546117,10.309557280170294,0.33625456901671902,3.2597135179546117,84.110505438644992
1045.188727,-20.139999999999993,0.31238739112974884,3.0884438917144346,9.8390001627108479,0.31238739112974884,3.0884438917144346,84.224336470488197
1095.445115,-20.139999999999993,0.31501915047258,2.9329826272221484,9.3960032117987158,0.31501915047258,2.9329826272221484,83.869606081773952
1148.118009,-20.139999999999993,0.28624394124459818,2.8133297762026355,9.0291406337950573,0.28624394124459818,2.8133297762026355,84.190398506952462
1203.323603,-20.139999999999993,0.2842585423011213,2.6982456059123701,8.6695642093836263,0.2842585423011213,2.6982456059123701,83.986107209117051
1261.1836780000001,-20.139999999999993,0.29236628077514931,2.5704208564638664,8.255910678027842,0.29236628077514931,2.5704208564638664,83.510918634993104
1321.8258719999999,-20.139999999999993,0.30729415347116523,2.433514884566998,7.7933846318978892,0.30729415347116523,2.433514884566998,82.80301896087073
1385.383957,-20.139999999999993,0.29812337529009258,2.328447958126739,7.4119474560701937,0.29812337529009258,2.328447958126739,82.703817577029895
1451.998141,-20.139999999999993,0.29568373071977144,2.2016036335637805,6.9324204681693713,0.29568373071977144,2.2016036335637805,82.35073127725714
1521.815372,-20.139999999999993,0.3022530454184813,2.1167218834696193,6.6009372421853643,0.3022530454184813,2.1167218834696193,81.873499887422327
1594.9896630000001,-20.139999999999993,0.29500961842227574,2.0099650728581255,6.1563344486635412,0.29500961842227574,2.0099650728581255,81.650116034176975
1671.6824349999999,-20.139999999999993,0.28747464941688006,1.9187773062539222,5.7568976841427775,0.28747464941688006,1.9187773062539222,81.479220682538198
1752.0628670000001,-20.139999999999993,0.29112913731893181,1.8290778064592121,5.3532979867692676,0.29112913731893181,1.8290778064592121,80.956255704602754
1836.308276,-20.139999999999993,0.30012354594869439,1.7274764248643362,4.8773903214656302,0.30012354594869439,1.7274764248643362,80.14408119055156
1924.6045039999999,-20.139999999999993,0.29805558846185715,1.6514475406192921,4.4965055753535115,0.29805558846185715,1.6514475406192921,79.769311134439931
2017.146328,-20.139999999999993,0.30147705808743674,1.5716405705563887,4.0839982743407175,0.30147705808743674,1.5716405705563887,79.141247021479998
2114.1378920000002,-20.139999999999993,0.29357057039797857,1.4933309872374032,3.6478001680688616,0.29357057039797857,1.4933309872374032,78.878178602548275
2215.7931549999998,-20.139999999999993,0.29299490204931855,1.4219508135857688,3.2382736631040898,0.29299490204931855,1.4219508135857688,78.357076566344389
2322.3363650000001,-20.139999999999993,0.29450296830489836,1.3494079630186999,2.8049501993865853,0.29450296830489836,1.3494079630186999,77.688470819978818
2434.0025500000002,-20.139999999999993,0.28708080416341708,1.2866526471884707,2.4002238986599229,0.28708080416341708,1.2866526471884707,77.422061842732191
2551.038043,-20.139999999999993,0.29601088980088797,1.2247315833899968,2.0073832684678683,0.29601088980088797,1.2247315833899968,76.412501972996992
2673.7010180000002,-20.139999999999993,0.2934001536500046,1.1644456291686998,1.5897046268571826,0.2934001536500046,1.1644456291686998,75.85781387880354
2802.2620649999999,-20.139999999999993,0.29387857342578338,1.1077098921050474,1.1839232343268282,0.29387857342578338,1.1077098921050474,75.141561586221655
2937.0047829999999,-20.139999999999993,0.28748996797493731,1.0480382641616139,0.72262652237083491,0.28748996797493731,1.0480382641616139,74.660377984524104
3078.2264110000001,-20.139999999999993,0.2891005771754937,0.99141263645759559,0.27951965901683268,0.2891005771754937,0.99141263645759559,73.743067807484636
3226.238476,-20.139999999999993,0.28655942980338034,0.9410104234311768,-0.14296544345556869,0.28655942980338034,0.9410104234311768,73.0632952468181
3381.3674879999999,-20.139999999999993,0.28595417041094262,0.89198121169875433,-0.56802236485284974,0.28595417041094262,0.89198121169875433,72.225023670979979
3543.955653,-20.139999999999993,0.28029512720533151,0.84078361058944617,-1.0486352047854803,0.28029512720533151,0.84078361058944617,71.562970625206432
3714.3616360000001,-20.139999999999993,0.28003057408112558,0.79407567600064333,-1.4937011907707762,0.28003057408112558,0.79407567600064333,70.574815399654241
3892.9613429999999,-20.139999999999993,0.27743659562145723,0.75039687081944995,-1.9377488323000733,0.27743659562145723,0.75039687081944995,69.709647694392089
4080.14876,-20.139999999999993,0.2787679627359978,0.70942979559760178,-2.3582221420690566,0.2787679627359978,0.70942979559760178,68.547828015736485
4276.3368119999996,-20.139999999999993,0.27303022158773216,0.66606938563256823,-2.8550767990235371,0.27303022158773216,0.66606938563256823,67.710658865293766
4481.9582829999999,-20.139999999999993,0.27346806422485193,0.62819420633466827,-3.2844512490019371,0.27346806422485193,0.62819420633466827,66.475347801453537
4697.4667659999996,-20.139999999999993,0.26885372227389509,0.59261716043003032,-3.7316973859774292,0.26885372227389509,0.59261716043003032,65.597541956315681
4923.3376619999999,-20.139999999999993,0.26599085831229041,0.55218288326543019,-4.2520842938175401,0.26599085831229041,0.55218288326543019,64.279515658550125
5160.0692330000002,-20.139999999999993,0.26103307356188837,0.51931174181870043,-4.7131084909062686,0.26103307356188837,0.51931174181870043,63.313520156329055
5408.1836999999996,-20.139999999999993,0.2581150184400024,0.48487078453994326,-5.2039152457505633,0.2581150184400024,0.48487078453994326,61.971942218537919
5668.228392,-20.139999999999993,0.25230991406627562,0.45394883395612218,-5.6907101072892008,0.25230991406627562,0.45394883395612218,60.934197781107052
5940.7769559999997,-20.139999999999993,0.24696335407648598,0.42050369455878817,-6.2376211585054211,0.24696335407648598,0.42050369455878817,59.574128382409562
6226.430625,-20.139999999999993,0.24079915034337981,0.39350206721254349,-6.7197101634042768,0.24079915034337981,0.39350206721254349,58.535922274607508
6525.8195370000003,-20.139999999999993,0.23379942583861199,0.36456706293653024,-7.2683357711312526,0.23379942583861199,0.36456706293653024,57.327661209421585
6839.6041320000004,-20.139999999999993,0.22667371432696531,0.33709192278939804,-7.8248463722597004,0.22667371432696531,0.33709192278939804,56.08157972449623
7168.4766049999998,-20.139999999999993,0.22036808506356395,0.31114990234109052,-8.3750622541522919,0.22036808506356395,0.31114990234109052,54.692436177374354
7513.1624359999996,-20.139999999999993,0.21328754858810423,0.28746902461467094,-8.9234911116288007,0.21328754858810423,0.28746902461467094,53.42644471060882
7874.4219860000003,-20.139999999999993,0.2044791019434665,0.26206450112842306,-9.5667896861601083,0.2044791019434665,0.26206450112842306,52.036419437080397
8253.0521800000006,-20.139999999999993,0.19358882368007332,0.23955123694544145,-10.229103429928191,0.19358882368007332,0.23955123694544145,51.057241800149718
8649.8882580000009,-20.139999999999993,0.18571986365739551,0.22003661322897311,-10.814036717006633,0.18571986365739551,0.22003661322897311,49.834271372991495
9065.8056259999994,-20.139999999999993,0.17265892443364395,0.20252206470530285,-11.498055012896574,0.17265892443364395,0.20252206470530285,49.550955779243154
9501.7217779999992,-20.139999999999993,0.16160077733738659,0.18279191202012426,-12.252809384886532,0.16160077733738659,0.18279191202012426,48.521078541764133
9958.5983290000004,-20.139999999999993,0.14779939768556044,0.16711637006593691,-13.030101686556064,0.14779939768556044,0.16711637006593691,48.510132232905733
10437.443128000001,-20.139999999999993,0.13459939932402989,0.15512615155854928,-13.748818806738594,0.13459939932402989,0.15512615155854928,49.052574368468775
10939.312486000001,-20.139999999999993,0.11948339336619816,0.14580712683349029,-14.493314645916634,0.11948339336619816,0.14580712683349029,50.666685414402373
11465.313506,-20.139999999999993,0.10437949693538053,0.13856367668151434,-15.215060581910398,0.10437949693538053,0.13856367668151434,53.009422585292427
12016.606524999999,-20.139999999999993,0.08761063189366855,0.13794675076749743,-15.734085744903881,0.08761063189366855,0.13794675076749743,57.580177183942311
12594.407671999999,-20.139999999999993,0.072157403478144047,0.14479781402482433,-15.821448716342434,0.072157403478144047,0.14479781402482433,63.511449218620484
13199.991550999999,-20.139999999999993,0.06484142368415198,0.15874743544808015,-15.315764755128587,0.06484142368415198,0.15874743544808015,67.782120574971188
13834.694055,-20.139999999999993,0.066043959768248825,0.17955060918527743,-14.365162343206794,0.066043959768248825,0.17955060918527743,69.805003424365154
14499.915311000001,-20.139999999999993,0.085201857360559394,0.19956218246309218,-13.271227642157157,0.085201857360559394,0.19956218246309218,66.880236282361182
15197.122769,-20.139999999999993,0.12075485290858544,0.20740626845635166,-12.395843424732771,0.12075485290858544,0.20740626845635166,59.79143266355576
15927.854439999999,-20.139999999999993,0.15740389535165752,0.19174126356239873,-12.108375792596133,0.15740389535165752,0.19174126356239873,50.616803925717484
16693.722286,-20.139999999999993,0.18403543893456736,0.15901330065534414,-12.280138818696793,0.18403543893456736,0.15901330065534414,40.828206530828709
17496.415779999999,-20.139999999999993,0.19377044075594518,0.12344684315175522,-12.774803679260668,0.19377044075594518,0.12344684315175522,32.50030663835129
18337.70563,-20.139999999999993,0.19136371383186776,0.090674502561946951,-13.483156417558638,0.19136371383186776,0.090674502561946951,25.353152932036458
19219.447684999999,-20.139999999999993,0.1854783150354338,0.065657890590180484,-14.121413332596687,0.1854783150354338,0.065657890590180484,19.493569719226105
20143.587031999999,-20.139999999999993,0.1725668738132784,0.042442987705955518,-15.005777921141359,0.1725668738132784,0.042442987705955518,13.817689866737542
21112.162283000001,-20.139999999999993,0.16117879740039412,0.025702445004504013,-15.744784888226178,0.16117879740039412,0.025702445004504013,9.0604099221315924
22127.310075000001,-20.139999999999993,0.150075755397161,0.012137893470683168,-16.445473148099982,0.150075755397161,0.012137893470683168,4.623928777228544
23191.269779999999,-20.139999999999993,0.13860037228119254,0.0015381889386549344,-17.164177194236707,0.13860037228119254,0.0015381889386549344,0.63584328685401625
24306.388448000002,-20.139999999999993,0.12954670898246176,-0.0087290215594935227,-17.731798943632686,0.12954670898246176,-0.0087290215594935227,-3.8548353869987997
25475.125984999999,-20.139999999999993,0.11759210046628613,-0.014941011048602555,-18.522885656832312,0.11759210046628613,-0.014941011048602555,-7.2410845297252342
26700.060576,-20.139999999999993,0.11105097053846601,-0.020307602870618301,-18.946698108096776,0.11105097053846601,-0.020307602870618301,-10.363028083634504
27983.894376,-20.139999999999993,0.10179697678295443,-0.026650075578109882,-19.557405436471097,0.10179697678295443,-0.026650075578109882,-14.670579434184209
29329.459467000001,-20.139999999999993,0.094071426611668091,-0.032856062711924587,-20.030964942769884,0.094071426611668091,-0.032856062711924587,-19.252632781980754
30739.724109999999,-20.139999999999993,0.08580506187191736,-0.038885739945700659,-20.518507518605958,0.08580506187191736,-0.038885739945700659,-24.379416517968092
32217.799287999998,-20.139999999999993,0.076178163505594712,-0.043010318811891463,-21.161682798956178,0.076178163505594712,-0.043010318811891463,-29.449145570244909
33766.945573999998,-20.139999999999993,0.066250809087959814,-0.045191951224352135,-21.916889306758588,0.066250809087959814,-0.045191951224352135,-34.299240653050894
35390.580319000001,-20.139999999999993,0.05963555582437783,-0.04664130576067986,-22.417081443536524,0.05963555582437783,-0.04664130576067986,-38.029163916556485
37092.285192000003,-20.139999999999993,0.051888449569475914,-0.048928638374359741,-22.935875382597718,0.051888449569475914,-0.048928638374359741,-43.318380382984721
38875.814082999997,-20.139999999999993,0.045222710196498671,-0.049264466991869309,-23.494903170469005,0.045222710196498671,-0.049264466991869309,-47.449374880204132
40745.101382000001,-20.139999999999993,0.037319812564247892,-0.049000961900421552,-24.209183929259282,0.037319812564247892,-0.049000961900421552,-52.706598278752118
42704.270657000001,-20.139999999999993,0.031741602190696099,-0.05048892024336811,-24.489576033124592,0.031741602190696099,-0.05048892024336811,-57.843060840006238
44757.643752999997,-20.139999999999993,0.023970187963870945,-0.050146991700664049,-25.101412247181081,0.023970187963870945,-0.050146991700664049,-64.452269286258925
46909.750325000001,-20.139999999999993,0.017213659295506424,-0.050063055098743536,-25.52435852511163,0.017213659295506424,-0.050063055098743536,-71.025002710284156
49165.337828999996,-20.139999999999993,0.012578516378806375,-0.047964708227894899,-26.092710887742541,0.012578516378806375,-0.047964708227894899,-75.305352710429602
51529.381996999997,-20.139999999999993,0.0056665008341754688,-0.046006258636146394,-26.678272347561816,0.0056665008341754688,-0.046006258636146394,-82.978355438667691
54007.097808999999,-20.139999999999993,-0.00049822842272471697,-0.041955243574600766,-27.543662660416288,-0.00049822842272471697,-0.041955243574600766,-90.680368927812069
56603.951003000002,-20.139999999999993,-0.0048677431410922394,-0.036491250247331158,-28.679625531810075,-0.0048677431410922394,-0.036491250247331158,-97.598103779191064
59325.670126999998,-20.139999999999993,-0.0047718215595026967,-0.039416902090308438,-28.023163689358405,-0.0047718215595026967,-0.039416902090308438,-96.902653583386709
62178.259179000001,-20.139999999999993,-0.01280884987671569,-0.02927803354229782,-29.908594750278695,-0.01280884987671569,-0.02927803354229782,-113.62890171868422
65168.010850999999,-20.139999999999993,-0.014292914873926539,-0.023920981200672941,-31.09858116437681,-0.014292914873926539,-0.023920981200672941,-120.85854423242749
68301.520407999997,-20.139999999999993,-0.014144287142438485,-0.018524862552857808,-32.65015141700917,-0.014144287142438485,-0.018524862552857808,-127.3628175144931
71585.700240000006,-20.139999999999993,-0.012811918510745868,-0.013878854007285248,-34.476142955334339,-0.012811918510745868,-0.013878854007285248,-132.71088036450163
75027.795110000006,-20.139999999999993,-0.012246713319392708,-0.012160023755684483,-35.260050713782547,-0.012246713319392708,-0.012160023755684483,-135.20350631982834
78635.398134000003,-20.139999999999993,-0.010688543789684464,-0.0087617797934598125,-37.18935361280495,-0.010688543789684464,-0.0087617797934598125,-140.65730699253692
82416.467531000002,-20.139999999999993,-0.008052210190018368,-0.0070502011906893158,-39.410298321162699,-0.008052210190018368,-0.0070502011906893158,-138.79587511055317
86379.344182999994,-20.139999999999993,-0.0068745946760266066,-0.00675532044471093,-40.320104366957736,-0.0068745946760266066,-0.00675532044471093,-135.50137770946998
90532.770027999999,-20.139999999999993,-0.0043209127672008763,-0.0063059144617602595,-42.333281084994709,-0.0043209127672008763,-0.0063059144617602595,-124.41956151736211
94885.907347999993,-20.139999999999993,-0.003269902743899765,-0.0069784035143495224,-42.262838991400258,-0.003269902743899765,-0.0069784035143495224,-115.10659577233098
99448.358980000005,-20.139999999999993,-0.0023655758050727055,-0.0071004619967595176,-42.517149697540134,-0.0023655758050727055,-0.0071004619967595176,-108.42590770642202
104230.189501,-20.139999999999993,-0.0024764478422057705,-0.0071257037356089476,-42.448232609800598,-0.0024764478422057705,-0.0071257037356089476,-109.16424623769844
109241.94742700001,-20.139999999999993,-0.0013210344224525532,-0.0085025453306121074,-41.305429220457356,-0.0013210344224525532,-0.0085025453306121074,-98.831394118131925
114494.68848500001,-20.139999999999993,-0.0039044896010161831,-0.0084232951801921606,-40.645081476854585,-0.0039044896010161831,-0.0084232951801921606,-114.86935939219482
120000,-20.139999999999993,-6.7277026798752439E-05,-0.0048015989170424435,-46.37142987951168,-6.7277026798752439E-05,-0.0048015989170424435,-90.802740408090841

